GEOGID,GEOGTYPE,GEOGDESC,LATTITUDE,LONGITUDE,T1_1AGE0M,T1_1AGE1M,T1_1AGE2M,T1_1AGE3M,T1_1AGE4M,T1_1AGE5M,T1_1AGE6M,T1_1AGE7M,T1_1AGE8M,T1_1AGE9M,T1_1AGE10M,T1_1AGE11M,T1_1AGE12M,T1_1AGE13M,T1_1AGE14M,T1_1AGE15M,T1_1AGE16M,T1_1AGE17M,T1_1AGE18M,T1_1AGE19M,T1_1AGE20_24M,T1_1AGE25_29M,T1_1AGE30_34M,T1_1AGE35_39M,T1_1AGE40_44M,T1_1AGE45_49M,T1_1AGE50_54M,T1_1AGE55_59M,T1_1AGE60_64M,T1_1AGE65_69M,T1_1AGE70_74M,T1_1AGE75_79M,T1_1AGE80_84M,T1_1AGEGE_85M,T1_1AGETM,T1_1AGE0F,T1_1AGE1F,T1_1AGE2F,T1_1AGE3F,T1_1AGE4F,T1_1AGE5F,T1_1AGE6F,T1_1AGE7F,T1_1AGE8F,T1_1AGE9F,T1_1AGE10F,T1_1AGE11F,T1_1AGE12F,T1_1AGE13F,T1_1AGE14F,T1_1AGE15F,T1_1AGE16F,T1_1AGE17F,T1_1AGE18F,T1_1AGE19F,T1_1AGE20_24F,T1_1AGE25_29F,T1_1AGE30_34F,T1_1AGE35_39F,T1_1AGE40_44F,T1_1AGE45_49F,T1_1AGE50_54F,T1_1AGE55_59F,T1_1AGE60_64F,T1_1AGE65_69F,T1_1AGE70_74F,T1_1AGE75_79F,T1_1AGE80_84F,T1_1AGEGE_85F,T1_1AGETF,T1_1AGE0T,T1_1AGE1T,T1_1AGE2T,T1_1AGE3T,T1_1AGE4T,T1_1AGE5T,T1_1AGE6T,T1_1AGE7T,T1_1AGE8T,T1_1AGE9T,T1_1AGE10T,T1_1AGE11T,T1_1AGE12T,T1_1AGE13T,T1_1AGE14T,T1_1AGE15T,T1_1AGE16T,T1_1AGE17T,T1_1AGE18T,T1_1AGE19T,T1_1AGE20_24T,T1_1AGE25_29T,T1_1AGE30_34T,T1_1AGE35_39T,T1_1AGE40_44T,T1_1AGE45_49T,T1_1AGE50_54T,T1_1AGE55_59T,T1_1AGE60_64T,T1_1AGE65_69T,T1_1AGE70_74T,T1_1AGE75_79T,T1_1AGE80_84T,T1_1AGEGE_85T,T1_1AGETT,T1_2SGLM,T1_2MARM,T1_2SEPM,T1_2DIVM,T1_2WIDM,T1_2TM,T1_2SGLF,T1_2MARF,T1_2SEPF,T1_2DIVF,T1_2WIDF,T1_2TF,T1_2SGLT,T1_2MART,T1_2SEPT,T1_2DIVT,T1_2WIDT,T1_2T,T2_1IEBP,T2_1UKBP,T2_1PLBP,T2_1LTBP,T2_1EUBP,T2_1RWBP,T2_1NSBP,T2_1TBP,T2_1IEN,T2_1UKN,T2_1PLN,T2_1LTN,T2_1EUN,T2_1RWN,T2_1NSN,T2_1TN,T2_2WI,T2_2WIT,T2_2OW,T2_2BBI,T2_2AAI,T2_2OTH,T2_2NS,T2_2T,T2_3SA,T2_3EC,T2_3EI,T2_3OI,T2_3T,T2_4CA,T2_4OR,T2_4NR,T2_4NS,T2_4T,T2_5T,T2_5PL,T2_5FR,T2_5LT,T2_5OTH,T2_6T,T2_6VW,T2_6W,T2_6NW,T2_6NAA,T2_6NS,T3_1YES,T3_1NO,T3_1NS,T3_1T,T3_2T,T3_2DW,T3_2DWO,T3_2DO,T3_2WO,T3_2LO,T3_2NO,T3_2NSO,T3_3DM,T3_3WM,T3_3LOM,T3_3NM,T3_3TM,T3_3DF,T3_3WF,T3_3LOF,T3_3NF,T3_3TF,T3_3DT,T3_3WT,T3_3LOT,T3_3NT,T3_3TT,T4_1_2PF,T4_1_3PF,T4_1_4PF,T4_1_5PF,T4_1_GRE_6PF,T4_1_TF,T4_1_2PP,T4_1_3PP,T4_1_4PP,T4_1_5PP,T4_1_GRE_6PP,T4_1_TP,T4_1_2PC,T4_1_3PC,T4_1_4PC,T4_1_5PC,T4_1_GRE_6PC,T4_1_TC,T4_2_NCU15,T4_2_1CU15,T4_2_2CU15,T4_2_3CU15,T4_2_4CU15,T4_2_GE5U15,T4_2_NCO15,T4_2_1CO15,T4_2_2CO15,T4_2_3CO15,T4_2_4CO15,T4_2_GE5O15,T4_2_NCUO15,T4_2_1CUO15,T4_2_2CUO15,T4_2_3CUO15,T4_2_4CUO15,T4_2_GE5UO15,T4_2_NCT,T4_2_1CT,T4_2_2CT,T4_2_3CT,T4_2_4CT,T4_2_GE5T,T4_3FLT15C,T4_3FGE15C,T4_3FOTH15C,T4_3FTC,T4_3FLT15LM,T4_3FGE15LM,T4_3FOTH15LM,T4_3FTLM,T4_3FLT15LF,T4_3FGE15LF,T4_3FOTH15LF,T4_3FTLF,T4_3CLT15C
C01,CTY,Carlow,52.7189747,-6.8503703,469,414,455,476,416,400,442,386,418,412,401,415,397,360,361,341,345,336,378,351,1877,2012,2260,2192,1982,1813,1641,1460,1310,996,800,535,358,222,27431,429,430,424,440,392,411,407,457,408,360,362,360,373,351,323,328,321,319,354,317,1739,2087,2303,2119,1947,1788,1646,1416,1270,1040,765,611,460,424,27181,898,844,879,916,808,811,849,843,826,772,763,775,770,711,684,669,666,655,732,668,3616,4099,4563,4311,3929,3601,3287,2876,2580,2036,1565,1146,818,646,54612,15430,10334,648,483,536,27431,13728,10253,867,611,1722,27181,29158,20587,1515,1094,2258,54612,46374,2772,2109,233,1179,1518,0,54185,47487,1231,2278,238,1147,1103,701,54185,46586,413,4812,487,638,404,845,54185,49770,2158,943,417,53288,47311,4324,2164,813,54612,5771,2262,536,227,2746,5771,2178,2016,1116,239,222,19972,30877,1142,51991,19972,6157,390,354,1060,6862,4942,207,73,46,31,19,169,117,62,26,16,221,190,108,57,35,390,5407,3434,3179,1576,685,14281,10814,10302,12716,7880,4330,46042,1480,4162,6612,4806,2996,20056,0,1998,1971,852,229,41,0,2188,1162,379,76,24,0,0,520,521,272,121,3927,4186,3653,1752,577,186,4000,2630,1148,7778,1013,936,257,2206,78,263,29,370,7950
C02,CTY,Dublin City,53.3498053,-6.2603097,3530,3333,3087,2831,2608,2498,2602,2507,2606,2415,2556,2530,2695,2568,2584,2524,2522,2573,3132,3623,22670,30573,28727,21460,17663,15886,14206,12108,11060,8687,7305,5677,3624,2333,257303,3436,3107,2942,2811,2565,2418,2416,2383,2350,2491,2367,2399,2474,2511,2409,2522,2417,2708,3192,4001,24736,31838,28162,20323,17344,16401,14709,12558,11455,9772,9128,8116,6288,5560,270309,6966,6440,6029,5642,5173,4916,5018,4890,4956,4906,4923,4929,5169,5079,4993,5046,4939,5281,6324,7624,47406,62411,56889,41783,35007,32287,28915,24666,22515,18459,16433,13793,9912,7893,527612,160329,79097,6721,5043,6113,257303,159870,77743,7992,5999,18705,270309,320199,156840,14713,11042,24818,527612,403596,22535,12724,3034,26222,43233,0,511344,412645,7962,13438,3210,26404,37024,10661,511344,400749,1923,57748,6647,21521,7716,15040,511344,443134,39508,7969,13800,504411,396515,55348,58218,17531,527612,83236,12467,8832,2453,59484,83236,41853,28018,9396,1422,2547,162879,326811,18487,508177,162879,38967,3122,4651,9675,61046,43742,1676,758,226,185,166,1335,1088,323,222,154,1787,1846,549,407,320,3122,60975,27872,20260,9139,3624,121870,121950,83616,81040,45695,23057,355358,17176,36113,43535,28379,16238,141441,0,17500,12203,4549,1065,261,0,19307,9165,2727,572,139,0,0,4118,3916,1740,809,43799,36807,25486,11192,3377,1209,23323,17951,6974,48248,11526,11329,3406,26261,729,2630,203,3562,42420
C03,CTY,South Dublin,53.3686071,-6.270652999999999,2284,2483,2399,2350,2173,2112,2108,2033,2054,1982,1976,1901,1934,1771,1789,1761,1718,1698,1719,1711,8827,10871,12217,10511,8959,7769,7268,6664,6064,4065,2856,1901,1076,540,129544,2346,2381,2315,2257,2055,1958,1985,1958,1987,1928,1857,1769,1718,1702,1716,1541,1613,1596,1591,1736,9268,12183,12849,10831,9170,8581,8049,7658,6448,4371,3236,2299,1533,1176,135661,4630,4864,4714,4607,4228,4070,4093,3991,4041,3910,3833,3670,3652,3473,3505,3302,3331,3294,3310,3447,18095,23054,25066,21342,18129,16350,15317,14322,12512,8436,6092,4200,2609,1716,265205,74302,48726,2598,1930,1988,129544,73418,48612,4353,3046,6232,135661,147720,97338,6951,4976,8220,265205,218463,9652,7800,2936,6308,18241,0,263400,224975,3246,8325,3069,6249,13874,3662,263400,211537,2216,22962,9570,9232,3084,4799,263400,241327,12995,2222,2243,258787,215758,29787,14808,4852,265205,40224,8016,3274,2639,26295,40224,19946,12537,5397,1095,1249,89850,155644,5503,250997,89850,29227,2028,2155,4935,29097,21589,819,470,177,162,88,897,642,229,158,102,1131,1112,406,320,190,2028,26989,18046,15728,7415,3202,71380,53978,54138,62912,37075,20592,228695,8315,22587,33207,22857,14471,101437,0,10848,9598,4050,1123,324,0,10972,6325,1813,369,79,0,0,2595,2691,1234,685,18674,21820,18518,8554,2726,1088,18640,13210,5354,37204,6892,5163,1729,13784,411,1185,122,1718,36638
C04,CTY,Fingal,53.4923939,-6.2539778,2751,2971,2771,2754,2479,2255,2323,2231,2282,2034,1948,1876,1820,1722,1702,1668,1632,1642,1568,1643,8228,11128,14025,13041,10440,8349,7133,5948,5056,3825,2457,1507,778,501,134488,2703,2694,2610,2656,2319,2226,2145,2250,2246,2060,1929,1744,1707,1653,1546,1482,1495,1469,1475,1574,8743,12879,14951,13407,10441,8836,7531,6470,5469,4036,2499,1848,1237,1173,139503,5454,5665,5381,5410,4798,4481,4468,4481,4528,4094,3877,3620,3527,3375,3248,3150,3127,3111,3043,3217,16971,24007,28976,26448,20881,17185,14664,12418,10525,7861,4956,3355,2015,1674,273991,75879,51966,2703,2220,1720,134488,74849,51936,4054,3358,5306,139503,150728,103902,6757,5578,7026,273991,208892,12613,9950,3597,12988,22727,0,270767,217643,4837,10591,3792,13141,17156,3607,270767,203058,1357,36323,12031,9265,3675,5058,270767,243829,15398,2444,3667,265338,212860,36634,19111,5386,273991,54123,10345,4492,3274,36012,54123,27082,16506,7225,1625,1685,96537,155263,5691,257491,96537,31096,1986,2129,5034,30592,24892,808,407,206,155,76,844,601,229,183,129,1142,1008,435,338,205,1986,27426,17813,16982,7947,3038,73206,54852,53439,67928,39735,19227,235181,6991,21496,35486,24283,13323,101579,0,12068,11188,4592,1225,295,0,9053,5378,1672,308,60,0,0,2577,2763,1113,479,20435,21121,19143,9027,2646,834,22963,11520,5478,39961,6038,3952,1340,11330,367,999,114,1480,44467
C05,CTY,Dun Laoghaire-Rathdown,53.2602149,-6.2047205,1409,1407,1366,1313,1244,1210,1224,1238,1220,1186,1189,1254,1256,1298,1311,1274,1207,1310,1442,1718,7430,7560,7903,7161,6747,6668,6169,5451,4730,4101,3347,2621,1579,1024,98567,1352,1290,1269,1257,1248,1235,1172,1241,1165,1159,1154,1151,1230,1275,1212,1203,1199,1232,1371,1720,7827,8249,8339,7567,7381,7661,6863,6036,5436,4790,4123,3327,2575,2385,107694,2761,2697,2635,2570,2492,2445,2396,2479,2385,2345,2343,2405,2486,2573,2523,2477,2406,2542,2813,3438,15257,15809,16242,14728,14128,14329,13032,11487,10166,8891,7470,5948,4154,3409,206261,53656,39646,1888,1436,1941,98567,55119,40099,2850,2425,7201,107694,108775,79745,4738,3861,9142,206261,167677,11968,3360,478,6122,12991,0,202596,177458,4595,3544,505,5799,8735,1960,202596,172798,403,17238,1373,5851,2278,2655,202596,180442,12729,3005,3688,199864,157527,24640,20970,3124,206261,24156,3438,3919,404,16395,24156,14908,6216,1911,387,734,83000,111783,3385,198168,83000,20268,1773,2284,4977,29636,23564,498,457,145,119,82,803,575,184,138,73,970,1032,329,257,155,1773,23162,11500,10908,5778,2059,53407,46324,34500,43632,28890,12963,166309,5112,13743,22590,17563,8925,67933,0,6070,5914,2737,622,131,0,8299,4732,1562,279,39,0,0,1731,2024,880,337,18050,14369,12377,6323,1781,507,12641,10121,4157,26919,2636,3960,750,7346,197,830,65,1092,25065
C06,CTY,Kildare,53.1589342,-6.9095683,1956,1945,1952,2004,1809,1746,1806,1818,1796,1776,1715,1591,1604,1504,1520,1395,1378,1308,1391,1304,6290,7668,9276,9309,8412,7121,6042,5138,4349,3267,1933,1267,767,501,104658,1869,1868,1862,1904,1745,1701,1705,1732,1708,1552,1567,1469,1514,1435,1395,1289,1277,1234,1317,1325,6756,8576,9574,9489,8152,7168,6031,5184,4335,3069,2054,1503,1103,1192,105654,3825,3813,3814,3908,3554,3447,3511,3550,3504,3328,3282,3060,3118,2939,2915,2684,2655,2542,2708,2629,13046,16244,18850,18798,16564,14289,12073,10322,8684,6336,3987,2770,1870,1693,210312,58773,40521,2238,1547,1579,104658,55178,40376,2992,2130,4978,105654,113951,80897,5230,3677,6557,210312,175435,10760,6749,1474,4699,9681,0,208798,182259,3982,7194,1558,4615,7213,1977,208798,177232,874,19060,3836,3345,1956,2495,208798,190020,8657,4385,1927,204989,180303,16687,10873,2449,210312,25012,7024,2613,1375,14000,25012,11557,8067,3822,730,836,83526,112261,3073,198860,83526,26810,1806,1885,4539,27578,20282,626,404,185,138,76,803,559,210,150,84,1003,963,395,288,160,1806,19928,13103,13366,6624,2627,55648,39856,39309,53464,33120,16696,182445,4968,15677,27675,20170,11551,80041,0,8252,8564,3782,974,226,0,7245,4326,1258,271,43,0,0,2107,2229,964,447,14960,15497,14997,7269,2209,716,17754,9305,4737,31796,3780,3010,925,7715,264,828,85,1177,35514
C07,CTY,Kilkenny,52.6541454,-7.2447879,761,798,809,795,756,753,672,717,687,685,754,661,668,682,715,681,646,630,668,497,2594,3049,3779,3850,3445,3278,3128,2736,2472,1927,1352,1031,657,455,47788,791,718,737,650,686,630,673,706,704,698,652,659,643,685,655,632,578,648,623,477,2588,3350,3789,3778,3435,3289,3010,2629,2250,1918,1396,1198,861,895,47631,1552,1516,1546,1445,1442,1383,1345,1423,1391,1383,1406,1320,1311,1367,1370,1313,1224,1278,1291,974,5182,6399,7568,7628,6880,6567,6138,5365,4722,3845,2748,2229,1518,1350,95419,26292,18786,1053,733,924,47788,23667,18717,1231,906,3110,47631,49959,37503,2284,1639,4034,95419,82655,5348,2033,396,1660,2492,0,94584,85304,2412,2177,419,1630,1729,913,94584,84189,483,6782,674,883,490,1083,94584,87650,3032,1673,688,93043,84448,6048,3863,1060,95419,7544,2113,1013,357,4061,7544,3406,2382,1206,249,301,38619,50694,1492,90805,38619,12027,746,680,2042,13174,9638,312,125,84,67,45,321,200,107,79,39,425,325,191,146,84,746,9507,5835,5380,2995,1323,25040,19014,17505,21520,14975,8370,81384,2432,6902,11166,9092,5763,35355,0,3362,3188,1569,427,89,0,3838,1944,667,151,44,0,0,909,1058,516,203,7075,7200,6041,3294,1094,336,7041,4610,2263,13914,1477,1585,368,3430,117,449,55,621,14246
C08,CTY,Laois,52.994295,-7.332300699999999,815,771,752,783,736,667,680,699,670,629,619,583,585,592,509,512,508,472,422,401,2389,3073,3540,3298,3156,2676,2414,2070,1712,1346,953,737,509,309,40587,703,779,725,764,710,606,692,687,655,623,642,575,588,549,525,553,508,466,390,434,2319,3242,3554,3272,2901,2524,2214,1905,1621,1318,993,819,600,516,39972,1518,1550,1477,1547,1446,1273,1372,1386,1325,1252,1261,1158,1173,1141,1034,1065,1016,938,812,835,4708,6315,7094,6570,6057,5200,4628,3975,3333,2664,1946,1556,1109,825,80559,22990,15268,983,660,686,40587,20677,15114,1123,765,2293,39972,43667,30382,2106,1425,2979,80559,69186,3795,2120,721,1580,2774,0,80176,70872,1693,2299,753,1584,2101,874,80176,68361,668,6341,1596,937,571,1702,80176,74043,2469,1660,495,78667,69422,6933,2581,1623,80559,8253,2293,869,623,4468,8253,3612,2605,1434,278,324,31311,42770,1933,76014,31311,10013,516,555,1627,10511,7819,270,91,68,52,29,240,123,68,49,36,276,214,136,101,65,516,7623,4885,4726,2613,1190,21037,15246,14655,18904,13065,7617,69487,2031,5806,9845,7965,5283,30930,0,3136,3024,1487,445,95,0,2859,1511,531,103,34,0,0,719,862,415,224,5592,5995,5254,2880,963,353,6587,3519,1822,11928,1480,1171,364,3015,120,348,34,502,13429
C09,CTY,Longford,53.7275564,-7.793108999999999,345,321,324,345,329,302,314,313,333,327,306,288,307,264,261,285,250,258,212,203,1071,1285,1493,1497,1399,1285,1190,1183,1074,804,593,469,240,179,19649,289,317,329,322,320,323,282,279,304,297,283,268,254,253,246,270,244,241,220,188,1086,1433,1492,1383,1408,1195,1154,1089,984,829,534,488,388,359,19351,634,638,653,667,649,625,596,592,637,624,589,556,561,517,507,555,494,499,432,391,2157,2718,2985,2880,2807,2480,2344,2272,2058,1633,1127,957,628,538,39000,11054,7380,484,360,371,19649,9498,7338,654,406,1455,19351,20552,14718,1138,766,1826,39000,31711,2574,1535,458,1083,1402,0,38763,32822,1155,1628,487,1083,1124,464,38763,31635,743,4232,923,381,298,551,38763,35758,1452,581,342,38133,34313,3137,1087,463,39000,4897,1618,387,401,2491,4897,1794,1602,1067,245,189,14388,21982,705,37075,14388,4628,261,217,699,4792,3621,170,40,24,22,23,109,76,32,27,17,152,116,56,49,40,261,3944,2379,2042,1113,683,10161,7888,7137,8168,5565,4395,33153,1063,2909,4320,3416,3064,14772,0,1303,1296,615,236,69,0,1609,728,250,67,22,0,0,312,407,236,130,2881,2912,2336,1272,539,221,2712,1762,865,5339,747,737,205,1689,60,177,15,252,5668
C10,CTY,Louth,53.8969758,-6.467097099999999,1057,1042,1131,998,1092,977,971,951,923,1039,937,866,898,850,831,806,764,787,760,767,3869,4357,4864,4907,4694,4188,3493,3202,2747,2207,1626,1125,644,393,60763,991,1032,1066,1021,981,960,931,919,944,892,913,930,884,872,763,752,777,744,753,671,3993,4673,5122,5036,4629,4060,3551,3018,2774,2281,1738,1346,1058,1059,62134,2048,2074,2197,2019,2073,1937,1902,1870,1867,1931,1850,1796,1782,1722,1594,1558,1541,1531,1513,1438,7862,9030,9986,9943,9323,8248,7044,6220,5521,4488,3364,2471,1702,1452,122897,34416,22552,1545,1098,1152,60763,32188,22646,2067,1441,3792,62134,66604,45198,3612,2539,4944,122897,99536,10959,1736,1628,2689,5537,0,122085,108104,2018,1880,1747,2720,4343,1273,122085,104674,663,8612,3390,1892,1047,1807,122085,112683,4820,1487,1050,120040,106845,8882,5414,1756,122897,12826,1862,1239,1532,8193,12826,6213,3782,2028,384,419,42106,72206,2266,116578,42106,14246,826,761,2167,13349,10341,416,151,78,81,43,353,245,99,78,51,473,396,177,159,94,826,12278,7663,7202,3702,1566,32411,24556,22989,28808,18510,9900,104763,3792,9423,15133,11349,6856,46553,0,4769,4466,2079,565,118,0,4926,2487,830,187,43,0,0,1280,1279,621,275,8486,9695,8233,4188,1373,436,9016,5609,2688,17313,2804,2260,715,5779,177,604,52,833,18169
C11,CTY,Meath,53.60554800000001,-6.6564169,1748,1780,1829,1825,1676,1671,1643,1618,1550,1597,1443,1400,1461,1368,1267,1262,1183,1160,1122,1020,4872,6105,7813,8346,7519,6460,5228,4467,3888,2954,1983,1320,814,518,91910,1695,1750,1789,1778,1632,1521,1528,1481,1455,1431,1404,1300,1271,1316,1239,1152,1094,1083,982,1006,5036,6936,8422,8445,7337,6181,5092,4412,3724,2960,1979,1595,1117,1082,92225,3443,3530,3618,3603,3308,3192,3171,3099,3005,3028,2847,2700,2732,2684,2506,2414,2277,2243,2104,2026,9908,13041,16235,16791,14856,12641,10320,8879,7612,5914,3962,2915,1931,1600,184135,50404,36820,2024,1363,1299,91910,46474,36781,2629,1810,4531,92225,96878,73601,4653,3173,5830,184135,154890,10055,3652,3180,4050,6998,0,182825,160995,3638,3867,3362,4011,4924,2028,182825,156900,967,15789,3252,2050,1412,2455,182825,168486,5750,3795,1367,179398,160527,13244,7990,2374,184135,19832,3867,2021,2964,10980,19832,9366,5876,3209,706,675,68259,102334,2951,173544,68259,23159,1549,1628,3734,21380,16310,499,350,161,120,67,698,478,169,137,67,851,828,330,257,134,1549,16994,11680,12011,6232,2488,49405,33988,35040,48044,31160,15706,163938,4064,13702,24797,18968,10806,72337,0,7239,7749,3537,899,172,0,6483,3672,1206,263,56,0,0,1837,1992,976,394,12930,13722,13258,6735,2138,622,16521,8365,4380,29266,2809,2596,722,6127,266,719,97,1082,33072
C12,CTY,Offaly,53.2356871,-7.7122229,629,627,660,657,629,599,611,615,598,596,584,615,583,617,580,566,559,558,485,432,2263,2570,2872,2982,2790,2619,2443,2082,1829,1447,1060,814,506,353,38430,612,618,648,578,581,570,555,586,600,600,541,556,571,594,545,527,521,463,454,389,2206,2804,3020,2917,2761,2623,2251,1999,1838,1423,1105,913,677,611,38257,1241,1245,1308,1235,1210,1169,1166,1201,1198,1196,1125,1171,1154,1211,1125,1093,1080,1021,939,821,4469,5374,5892,5899,5551,5242,4694,4081,3667,2870,2165,1727,1183,964,76687,21253,14941,909,587,740,38430,18968,14813,1149,753,2574,38257,40221,29754,2058,1340,3314,76687,66626,3748,1738,980,1267,1884,0,76243,68523,1566,1865,1036,1239,1335,679,76243,67046,1025,5795,468,757,410,742,76243,70813,2623,1118,453,75007,69400,4685,1957,645,76687,6664,1823,687,865,3289,6664,2622,2154,1343,293,252,28178,43663,1052,72893,28178,9286,484,414,1397,9347,6966,284,76,51,61,26,214,106,83,50,31,270,182,134,111,57,484,7494,4790,4438,2383,1205,20310,14988,14370,17752,11915,7713,66738,2013,5713,9211,7274,5359,29570,0,2804,2689,1251,381,109,0,3076,1595,522,130,28,0,0,742,820,454,228,5481,5880,5026,2593,965,365,5767,3734,1876,11377,1349,1260,331,2940,118,357,37,512,11806
C13,CTY,Westmeath,53.5345308,-7.4653217,720,677,701,711,694,691,672,633,614,660,630,609,643,633,601,625,602,600,565,527,2671,3114,3431,3268,3166,2926,2621,2328,1975,1549,1159,870,511,386,42783,711,696,656,683,633,618,612,653,598,638,619,648,573,595,618,621,606,558,517,511,2702,3347,3501,3372,3149,2937,2584,2189,1915,1549,1205,995,799,773,43381,1431,1373,1357,1394,1327,1309,1284,1286,1212,1298,1249,1257,1216,1228,1219,1246,1208,1158,1082,1038,5373,6461,6932,6640,6315,5863,5205,4517,3890,3098,2364,1865,1310,1159,86164,24094,16178,1020,747,744,42783,22154,16144,1344,912,2827,43381,46248,32322,2364,1659,3571,86164,71589,4875,2149,958,1775,3908,0,85254,74253,1929,2345,1016,1809,3031,871,85254,72210,853,7396,1218,1546,731,1300,85254,77837,3298,1770,926,83831,75432,6470,3143,1119,86164,9782,2290,918,889,5685,9782,4268,3235,1582,341,356,32771,47700,1532,82003,32771,10213,597,547,1685,11128,8304,297,101,62,58,50,271,141,74,74,37,326,242,136,132,87,597,8599,5237,4684,2468,1286,22274,17198,15711,18736,12340,8170,72155,2247,6283,9779,7536,5655,31500,0,3010,2883,1288,416,106,0,3428,1607,526,148,23,0,0,829,933,486,239,6352,6438,5319,2747,1050,368,6162,3865,2002,12029,1434,1499,430,3363,107,368,55,530,12453
C14,CTY,Wexford,52.336916,-6.4633381,1151,1120,1241,1195,1170,1124,1159,1173,1112,1160,1053,1087,1052,1054,1072,980,960,953,821,786,3811,4565,5380,5516,5420,4997,4503,3984,3690,3084,2382,1651,917,586,71909,1064,1128,1222,1128,1120,1074,1034,1088,1082,1019,1003,1089,1096,1025,969,970,980,935,851,790,3988,5064,5792,5573,5395,5105,4502,3922,3656,3088,2403,1819,1273,1164,73411,2215,2248,2463,2323,2290,2198,2193,2261,2194,2179,2056,2176,2148,2079,2041,1950,1940,1888,1672,1576,7799,9629,11172,11089,10815,10102,9005,7906,7346,6172,4785,3470,2190,1750,145320,39239,27846,1935,1387,1502,71909,36535,27877,2370,1745,4884,73411,75774,55723,4305,3132,6386,145320,125144,9264,3765,847,2488,2631,0,144139,129238,4604,4010,865,2379,1746,1297,144139,126747,1501,12045,481,916,757,1692,144139,133717,5512,1718,984,141931,127842,9659,6204,1615,145320,11257,3905,1162,732,5458,11257,4768,3547,2046,451,445,50936,85218,2240,138394,50936,17307,924,777,2583,16000,12953,392,146,98,64,68,376,238,151,94,65,548,384,249,158,133,924,15698,9132,8335,4139,1885,39189,31396,27396,33340,20695,12008,124835,4199,11150,17384,12672,8352,53757,0,5330,5314,2196,635,132,0,5983,2825,813,215,53,0,0,1500,1589,736,369,11499,11313,9639,4598,1586,554,10352,6717,3321,20390,3049,2498,780,6327,206,674,93,973,20758
C15,CTY,Wicklow,52.9808207,-6.044588999999999,1133,1164,1231,1146,1128,1052,1135,977,1026,999,1025,1025,989,952,991,918,908,879,898,802,4021,4206,5351,5496,5142,4912,4181,3596,3391,2673,1793,1251,710,441,67542,1207,1137,1125,1147,1056,1008,1026,1026,999,931,918,953,912,853,901,882,816,869,833,777,3911,4777,5586,5697,5354,5058,4231,3727,3248,2699,1964,1382,1021,1067,69098,2340,2301,2356,2293,2184,2060,2161,2003,2025,1930,1943,1978,1901,1805,1892,1800,1724,1748,1731,1579,7932,8983,10937,11193,10496,9970,8412,7323,6639,5372,3757,2633,1731,1508,136640,37052,26253,1808,1267,1162,67542,34830,26343,2183,1688,4054,69098,71882,52596,3991,2955,5216,136640,114985,8535,2597,811,2870,5080,0,134878,120409,3749,2754,848,2716,3310,1092,134878,117991,721,11128,489,2049,1044,1456,134878,123742,5088,2451,1272,132553,108738,15477,10770,1655,136640,12459,2744,1647,757,7311,12459,6529,3559,1649,298,424,48502,79141,2000,129643,48502,15900,968,1011,2624,15475,12158,366,182,83,87,51,403,310,106,98,51,565,492,189,185,102,968,14085,8752,8523,4022,1582,36964,28170,26256,34092,20110,10006,118634,3790,10662,17811,12272,6911,51446,0,5125,5259,2175,539,118,0,5507,3091,971,195,35,0,0,1318,1435,642,259,10295,10632,9668,4581,1376,412,10442,6640,2847,19929,2582,2509,727,5818,192,650,80,922,20730
C16,CTY,Clare,52.86245280000001,-9.047164499999999,837,923,924,948,943,909,907,846,840,855,795,898,863,855,818,815,731,795,758,636,3235,3603,4294,4423,4492,4080,3793,3374,3241,2540,1771,1264,781,511,58298,841,853,867,895,874,895,871,854,876,871,879,893,819,803,829,745,764,735,711,618,3225,3709,4405,4701,4428,4113,3651,3346,3175,2401,1753,1359,1069,1070,58898,1678,1776,1791,1843,1817,1804,1778,1700,1716,1726,1674,1791,1682,1658,1647,1560,1495,1530,1469,1254,6460,7312,8699,9124,8920,8193,7444,6720,6416,4941,3524,2623,1850,1581,117196,31716,23104,1294,972,1212,58298,28849,23137,1577,1280,4055,58898,60565,46241,2871,2252,5267,117196,96727,8409,2508,318,2384,4802,0,115148,101758,3622,2658,340,2274,3182,1314,115148,99452,855,9574,1332,1267,1025,1643,115148,106510,4150,1811,1010,113481,101984,7033,6384,1795,117196,10711,2644,1539,262,6266,10711,5360,3218,1473,287,373,53853,55789,2309,111951,53853,15402,977,1075,3099,19612,13255,433,182,95,86,50,413,282,151,87,44,564,464,246,173,94,977,11750,6883,6552,3675,1547,30407,23500,20649,26208,18375,9835,98567,2944,8162,13579,11186,6799,42670,0,3828,4006,1956,515,140,0,4720,2318,729,151,36,0,0,1032,1304,617,249,8806,8548,7356,3989,1283,425,8564,5429,2691,16684,1724,1972,445,4141,157,553,66,776,17601
C17,CTY,Cork City,51.8968917,-8.4863157,707,633,595,561,566,571,537,577,568,583,617,605,619,633,645,650,618,657,885,1045,6209,6005,5179,3915,3585,3605,3574,3207,2980,2493,2130,1553,966,539,58812,664,571,635,570,540,528,534,499,554,527,559,492,608,583,616,567,605,601,881,1145,6144,6073,4801,3650,3299,3866,3721,3254,3062,2760,2573,2140,1513,1283,60418,1371,1204,1230,1131,1106,1099,1071,1076,1122,1110,1176,1097,1227,1216,1261,1217,1223,1258,1766,2190,12353,12078,9980,7565,6884,7471,7295,6461,6042,5253,4703,3693,2479,1822,119230,35682,19043,1459,1065,1563,58812,33275,18901,1916,1411,4915,60418,68957,37944,3375,2476,6478,119230,98352,4974,3531,499,4307,5558,0,117221,100901,1894,3648,518,4235,4316,1709,117221,98460,789,10943,1104,2623,1170,2132,117221,104032,7945,1689,2194,115860,98411,7938,10360,2521,119230,13917,3564,1884,425,8044,13917,6905,4624,1623,287,478,46566,65774,3085,115425,46566,10327,762,1210,3081,18119,12640,427,154,83,69,41,347,220,83,72,40,415,374,166,141,81,762,13571,6504,4899,2349,912,28235,27142,19512,19596,11745,5841,83836,4033,8279,10444,7272,4102,34130,0,3465,2575,948,277,61,0,5297,2473,770,153,29,0,0,980,1052,411,206,9538,8762,6028,2770,841,296,4707,5326,1900,11933,2486,2738,694,5918,133,658,55,846,8858
C18,CTY,Cork,51.994206,-8.728544599999999,3478,3651,3519,3496,3313,3119,3156,3059,3159,2928,2907,2837,2918,2789,2700,2639,2642,2477,2515,2111,10519,12813,16470,16724,15443,14274,12158,10875,9602,7364,5236,3877,2345,1545,198658,3271,3374,3448,3422,3174,3078,2980,2907,2826,2846,2747,2744,2777,2718,2665,2520,2519,2450,2316,2134,10653,14421,17444,16751,15234,13778,11943,10638,9303,7381,5435,4534,3411,3302,201144,6749,7025,6967,6918,6487,6197,6136,5966,5985,5774,5654,5581,5695,5507,5365,5159,5161,4927,4831,4245,21172,27234,33914,33475,30677,28052,24101,21513,18905,14745,10671,8411,5756,4847,399802,108604,79522,3797,3275,3460,198658,100030,79672,4723,4235,12484,201144,208634,159194,8520,7510,15944,399802,337539,23285,11596,2274,8136,12752,0,395582,348500,11998,12272,2368,7796,8452,4196,395582,342104,1076,36704,4337,3712,2913,4736,395582,364560,17968,2824,3520,388872,346446,27295,21333,4728,399802,37661,12139,4925,2170,18427,37661,17720,11311,5909,1301,1420,177536,195232,6293,379061,177536,52543,3669,4016,10160,60977,44750,1421,795,341,277,186,1599,1109,454,301,206,2070,1904,795,578,392,3669,38765,24061,23729,13177,5376,105108,77530,72183,94916,65885,33982,344496,9597,28415,49017,40048,23402,150479,0,14198,14505,6989,1811,388,0,15106,8384,2933,651,144,0,0,3635,4297,2037,862,29168,29304,26524,14219,4499,1394,31462,19084,9195,59741,5944,6399,1444,13787,485,1735,192,2412,63709
C19,CTY,Kerry,52.15446069999999,-9.5668632,950,1054,1009,1033,997,942,972,991,1017,987,937,993,1001,1005,989,924,936,916,809,851,3778,4642,5456,5523,5284,5039,4912,4527,4346,3552,2532,1835,1151,739,72629,973,979,1000,1047,983,937,973,920,901,974,878,963,940,999,1008,946,978,888,779,704,3802,4989,5379,5201,5126,5077,4786,4448,4116,3359,2536,2121,1608,1555,72873,1923,2033,2009,2080,1980,1879,1945,1911,1918,1961,1815,1956,1941,2004,1997,1870,1914,1804,1588,1555,7580,9631,10835,10724,10410,10116,9698,8975,8462,6911,5068,3956,2759,2294,145502,39315,28973,1514,1278,1549,72629,34899,28941,1863,1588,5582,72873,74214,57914,3377,2866,7131,145502,118615,11031,3870,849,2819,4991,0,142175,124647,5191,4048,893,2725,3121,1550,142175,122423,860,13290,884,1635,1116,1967,142175,132451,5044,1567,1208,140270,127637,9075,6884,1906,145502,13109,3942,1447,807,6913,13109,5798,4304,2045,462,500,64105,72845,2587,139537,64105,17015,1622,3155,4371,23451,13872,619,436,108,93,46,683,618,159,109,53,939,1054,267,202,99,1622,15112,8523,7587,4164,1862,37248,30224,25569,30348,20820,11768,118729,3959,10198,15729,12678,8112,50676,0,4701,4478,2036,562,127,0,6106,2973,1038,258,62,0,0,1256,1459,753,286,11153,10807,8707,4533,1573,475,9400,7078,3174,19652,2292,2639,508,5439,212,720,72,1004,18900
C20,CTY,Limerick City,52.6680204,-8.630497499999999,430,381,386,357,368,316,311,296,283,342,285,366,344,349,354,331,313,309,405,512,2354,2521,2492,2071,1817,1741,1724,1520,1398,1062,956,652,379,222,27947,378,341,359,383,336,321,296,326,332,331,300,334,352,323,351,334,303,340,498,663,2695,2544,2333,1879,1738,1823,1686,1555,1455,1246,1080,869,613,442,29159,808,722,745,740,704,637,607,622,615,673,585,700,696,672,705,665,616,649,903,1175,5049,5065,4825,3950,3555,3564,3410,3075,2853,2308,2036,1521,992,664,57106,16646,9150,836,613,702,27947,16258,8967,1098,722,2114,29159,32904,18117,1934,1335,2816,57106,47943,2137,2393,284,1386,2378,0,56521,48859,685,2572,301,1414,1875,815,56521,47695,401,5131,687,1063,484,1060,56521,51108,3085,996,528,55717,49214,3788,3053,1051,57106,7063,2450,632,239,3742,7063,2883,2558,1200,221,201,21101,32430,1300,54831,21101,5756,364,458,1305,7739,5268,211,88,28,24,17,157,129,30,31,17,207,217,58,55,34,364,6602,3589,2543,1064,474,14272,13204,10767,10172,5320,3081,42544,2219,4656,5457,3307,2215,17854,0,2094,1571,539,140,36,0,2647,1083,256,57,10,0,0,585,525,189,157,4383,4741,3239,1320,386,203,2669,2386,980,6035,1600,1327,444,3371,111,340,32,483,4904
C21,CTY,Limerick,52.6611857,-8.625734899999999,1092,1109,1146,1057,1011,1039,1008,967,974,867,904,869,921,971,994,852,901,859,1020,1032,4717,4733,5480,5295,4844,4374,4156,3903,3464,2708,1931,1382,781,507,67868,1065,1023,1007,1017,948,920,874,901,946,876,884,878,888,848,829,836,817,808,858,942,4353,4989,5472,5115,4698,4400,4077,3718,3365,2677,1940,1490,1159,1217,66835,2157,2132,2153,2074,1959,1959,1882,1868,1920,1743,1788,1747,1809,1819,1823,1688,1718,1667,1878,1974,9070,9722,10952,10410,9542,8774,8233,7621,6829,5385,3871,2872,1940,1724,134703,38298,26145,1357,888,1180,67868,33417,26167,1639,1096,4516,66835,71715,52312,2996,1984,5696,134703,116264,7322,3276,592,1811,4157,0,133422,120364,2864,3518,617,1711,2870,1478,133422,118039,1113,9204,1111,1764,779,1412,133422,123031,5374,1902,972,131279,121307,7022,5006,1368,134703,11480,3519,1636,537,5788,11480,5278,3611,1752,410,429,60319,65878,2064,128261,60319,16760,922,961,3051,21663,16466,496,150,124,97,70,441,208,105,113,55,481,358,229,210,125,922,12899,8024,7740,3980,1743,34386,25798,24072,30960,19900,11050,111780,3050,9373,16030,12100,7622,48175,0,4444,4592,2065,580,126,0,5281,2777,927,193,53,0,0,1170,1378,665,286,9849,9725,8539,4370,1438,465,9822,6569,2979,19370,1818,2116,459,4393,167,546,61,774,19752
C22,CTY,Tipperary North,53.1675822,-7.628489600000001,554,552,530,563,548,525,526,528,514,494,563,507,496,502,497,511,462,439,429,406,1898,2273,2604,2735,2563,2517,2305,2088,1892,1463,1073,896,553,334,35340,505,528,578,550,493,491,530,483,481,502,516,510,474,476,485,465,427,451,407,382,1829,2286,2542,2655,2577,2353,2105,2013,1785,1521,1074,1037,783,688,34982,1059,1080,1108,1113,1041,1016,1056,1011,995,996,1079,1017,970,978,982,976,889,890,836,788,3727,4559,5146,5390,5140,4870,4410,4101,3677,2984,2147,1933,1336,1022,70322,19458,13717,866,573,726,35340,17000,13598,1021,643,2720,34982,36458,27315,1887,1216,3446,70322,61052,4035,1642,443,1232,1480,0,69884,62862,1919,1753,467,1202,986,695,69884,61940,604,5507,134,510,343,846,69884,65159,2215,1035,419,68828,63352,3932,2296,742,70322,5458,1691,613,401,2753,5458,2126,1746,1143,255,188,31598,34406,1071,67075,31598,9341,570,541,1760,11087,8031,268,113,57,57,30,257,170,68,52,23,313,283,125,109,53,570,7145,4378,3822,2162,1027,18534,14290,13134,15288,10810,6600,60122,1895,5193,7943,6595,4584,26210,0,2451,2294,1124,301,84,0,3007,1391,479,120,27,0,0,653,749,390,214,5250,5458,4338,2352,811,325,5087,3388,1653,10128,1053,1277,317,2647,114,359,36,509,10295
C23,CTY,Tipperary South,52.4409548,-7.8760747,655,736,719,641,638,619,681,607,572,609,672,643,628,648,629,595,612,646,588,480,2454,2871,3345,3268,3171,3100,2881,2654,2381,1867,1438,1054,707,435,44244,600,645,633,639,640,636,640,604,564,606,572,581,592,644,592,600,595,571,482,443,2503,3171,3300,3218,3119,3060,2815,2503,2347,1809,1468,1189,914,893,44188,1255,1381,1352,1280,1278,1255,1321,1211,1136,1215,1244,1224,1220,1292,1221,1195,1207,1217,1070,923,4957,6042,6645,6486,6290,6160,5696,5157,4728,3676,2906,2243,1621,1328,88432,24642,16662,1138,848,954,44244,21603,16732,1395,993,3465,44188,46245,33394,2533,1841,4419,88432,75484,5630,2298,646,1563,2104,0,87725,77819,2794,2440,691,1522,1557,902,87725,76958,546,7545,406,731,495,1044,87725,81720,3073,1042,644,86479,80031,4606,2901,894,88432,7418,2408,718,554,3738,7418,2887,2495,1452,293,291,35740,47337,1367,84444,35740,10819,544,569,1804,12156,9511,337,69,73,58,40,240,130,82,48,44,304,199,155,106,84,544,9441,5638,4811,2549,1078,23517,18882,16914,19244,12745,6946,74731,2730,6889,10059,7769,4852,32299,0,3168,2937,1282,340,92,0,3949,1817,629,112,36,0,0,871,953,411,209,6711,7117,5625,2864,863,337,5917,4311,1976,12204,1756,1748,431,3935,146,484,37,667,11839
C24,CTY,Waterford City,52.25227,-7.127205999999999,338,353,352,336,298,294,312,299,333,325,298,292,275,302,329,284,264,283,267,336,1702,1967,2012,1691,1601,1513,1260,1260,1095,934,715,539,289,173,22921,354,335,349,317,313,310,336,282,279,310,252,263,302,240,278,296,276,291,304,340,1739,2065,2073,1682,1549,1539,1425,1195,1106,984,835,670,470,452,23811,692,688,701,653,611,604,648,581,612,635,550,555,577,542,607,580,540,574,571,676,3441,4032,4085,3373,3150,3052,2685,2455,2201,1918,1550,1209,759,625,46732,13333,7942,632,478,536,22921,12689,7939,887,594,1702,23811,26022,15881,1519,1072,2238,46732,38515,2263,1225,304,1240,2652,0,46199,39423,899,1318,321,1228,2249,761,46199,38168,259,4171,1107,1063,491,940,46199,42138,2103,845,422,45508,38905,4269,2610,948,46732,6057,1275,509,265,4008,6057,2740,1968,940,197,212,16847,26776,1028,44651,16847,4793,263,317,845,5829,4648,152,46,22,34,23,125,60,26,30,22,138,106,48,64,45,263,5322,2939,2431,920,396,12008,10644,8817,9724,4600,2495,36280,1682,3738,5146,2841,1740,15147,0,1863,1553,530,150,19,0,1959,883,195,38,6,0,0,510,398,181,83,3640,3822,2946,1123,369,108,2737,1905,843,5485,1303,942,313,2558,75,234,16,325,5121
C25,CTY,Waterford,52.1964435, -7.717133599999999,539,532,571,547,572,546,498,541,492,495,501,527,488,527,474,457,469,447,406,370,1703,1820,2423,2491,2582,2451,2171,1950,1803,1460,1106,798,477,309,33543,495,506,542,517,478,502,475,486,529,490,500,493,503,472,486,428,432,401,393,332,1726,1943,2516,2604,2501,2439,2068,1972,1723,1445,1001,890,619,613,33520,1034,1038,1113,1064,1050,1048,973,1027,1021,985,1001,1020,991,999,960,885,901,848,799,702,3429,3763,4939,5095,5083,4890,4239,3922,3526,2905,2107,1688,1096,922,67063,18189,13340,792,563,659,33543,16294,13367,905,688,2266,33520,34483,26707,1697,1251,2925,67063,58118,4879,881,159,867,1561,0,66465,60466,2706,933,171,800,927,462,66465,59985,152,4759,364,308,289,608,66465,62190,2112,723,416,65441,59872,3490,3072,629,67063,3831,907,679,140,2105,3831,1971,1061,526,109,164,29899,33134,845,63878,29899,8965,699,891,1885,10267,6991,201,172,51,35,34,292,249,72,53,33,407,421,123,88,67,699,6906,4027,3920,2124,939,17916,13812,12081,15680,10620,5965,58158,1680,4830,8142,6470,4128,25250,0,2134,2359,1156,294,66,0,2770,1375,401,94,34,0,0,687,771,378,171,5226,4904,4421,2328,766,271,4838,3261,1667,9766,1072,1091,305,2468,99,322,35,456,10008
C26,CTY,Galway City,53.2705588,-9.0566677,595,456,496,503,446,403,417,440,411,393,386,361,331,349,379,353,335,363,603,785,3910,4457,4372,2943,2236,1953,1742,1610,1407,1135,795,570,362,217,36514,550,474,487,448,414,392,369,376,446,399,388,338,367,356,323,356,351,356,611,840,4463,4845,4226,3108,2304,2119,1984,1805,1540,1272,923,728,556,501,39015,1145,930,983,951,860,795,786,816,857,792,774,699,698,705,702,709,686,719,1214,1625,8373,9302,8598,6051,4540,4072,3726,3415,2947,2407,1718,1298,918,718,75529,23367,11254,653,663,577,36514,23982,11220,1015,960,1838,39015,47349,22474,1668,1623,2415,75529,54724,4558,3891,714,2995,6114,0,72996,57869,1486,4096,740,2971,4867,967,72996,53973,1666,10350,2666,2019,984,1338,72996,61546,6278,2166,1868,71858,57926,7823,7764,2016,75529,13798,4070,1278,648,7802,13798,6692,4593,1716,304,493,31866,38810,1795,72471,31866,6553,741,1864,2939,13026,6466,277,208,45,40,17,310,300,69,43,19,431,508,114,83,36,741,7415,3716,2831,1355,680,15997,14830,11148,11324,6775,4420,48497,1930,4612,5985,4169,3113,19809,0,2492,1809,733,239,94,0,2258,1100,356,63,16,0,0,495,485,230,142,5485,4750,3404,1574,532,252,3865,2343,998,7206,1416,1182,328,2926,86,268,26,380,7376
C27,CTY,Galway,53.3564509,-8.853411299999999,1357,1454,1506,1514,1354,1416,1435,1379,1328,1296,1292,1269,1321,1221,1224,1197,1145,1205,1168,968,4639,5121,6494,7008,6829,6156,5719,5147,4564,3636,2703,2037,1241,901,88244,1380,1387,1416,1429,1294,1350,1314,1287,1246,1259,1188,1211,1201,1184,1181,1146,1087,1114,993,947,4332,5376,6741,7123,6622,6004,5479,4891,4226,3331,2499,2130,1691,1821,86880,2737,2841,2922,2943,2648,2766,2749,2666,2574,2555,2480,2480,2522,2405,2405,2343,2232,2319,2161,1915,8971,10497,13235,14131,13451,12160,11198,10038,8790,6967,5202,4167,2932,2722,175124,48438,35272,1685,1236,1613,88244,41967,35277,1942,1495,6199,86880,90405,70549,3627,2731,7812,175124,147364,13254,3197,565,2574,5864,0,172818,156061,5197,3435,614,2475,3679,1357,172818,152835,2475,12403,988,1242,1227,1648,172818,160652,6316,1849,1287,170104,157941,7603,7932,1648,175124,12924,3450,1870,572,7032,12924,6227,3774,1942,435,546,84962,79459,2203,166624,84962,22661,3483,9524,5712,27559,15167,856,1291,163,128,67,1649,1436,194,136,68,1834,2727,357,264,135,3483,16411,9981,9845,5839,2871,44947,32822,29943,39380,29195,18344,149684,3889,11725,20330,17713,12704,66361,0,5526,5877,3061,898,251,0,6600,3697,1375,376,84,0,0,1375,1847,965,493,12522,12126,10949,6283,2239,828,13363,8468,4023,25854,2085,2903,569,5557,165,761,88,1014,28006
C28,CTY,Leitrim,53.9926007,-8.065585199999999,232,248,235,266,267,246,255,249,209,235,222,212,253,217,200,235,174,209,175,138,744,962,1168,1175,1139,1137,1101,1039,908,739,587,468,303,197,16144,240,247,244,222,255,224,204,238,213,221,180,239,202,199,205,202,189,163,165,128,732,1018,1167,1188,1084,1021,1042,985,825,667,520,459,381,385,15654,472,495,479,488,522,470,459,487,422,456,402,451,455,416,405,437,363,372,340,266,1476,1980,2335,2363,2223,2158,2143,2024,1733,1406,1107,927,684,582,31798,8806,6313,360,291,374,16144,7267,6326,401,314,1346,15654,16073,12639,761,605,1720,31798,25617,3571,696,156,568,848,0,31456,27349,1665,764,174,557,543,404,31456,26994,264,3139,87,276,223,473,31456,29220,809,673,282,30984,27394,2293,1696,415,31798,2497,757,337,129,1274,2497,1097,817,370,107,106,12644,16973,735,30352,12644,3780,208,237,717,4438,3139,125,32,23,18,11,84,55,31,19,19,124,87,54,37,30,208,3377,1701,1652,916,534,8180,6754,5103,6608,4580,3432,26477,777,2003,3422,2776,2381,11359,0,986,1024,501,150,54,0,1190,570,216,52,16,0,0,242,289,188,102,2600,2176,1836,1006,390,172,2251,1374,713,4338,417,540,98,1055,47,130,10,187,4730
C29,CTY,Mayo,53.93458099999999,-9.3516456,935,952,950,948,914,924,962,923,903,882,905,921,938,930,927,934,859,911,811,669,3520,4046,4404,4559,4490,4435,4426,4143,4096,3152,2311,1822,1123,795,65420,881,900,891,960,868,908,875,926,892,908,891,917,856,823,903,831,850,816,846,643,3348,4084,4484,4468,4557,4491,4383,4038,3644,2885,2313,1922,1527,1689,65218,1816,1852,1841,1908,1782,1832,1837,1849,1795,1790,1796,1838,1794,1753,1830,1765,1709,1727,1657,1312,6868,8130,8888,9027,9047,8926,8809,8181,7740,6037,4624,3744,2650,2484,130638,35764,25790,1349,1076,1441,65420,30859,25894,1629,1306,5530,65218,66623,51684,2978,2382,6971,130638,106534,13127,2721,824,1997,3545,0,128748,113751,5796,2933,863,1911,2275,1219,128748,112116,1385,11195,584,1270,789,1409,128748,119678,4502,1608,1154,126942,117721,6686,4994,1237,130638,9838,2837,1320,754,4927,9838,4112,3148,1821,418,339,56935,66234,1960,125129,56935,15837,1178,2072,3943,20708,12745,452,268,110,94,62,534,366,129,104,45,644,634,239,198,107,1178,13249,7190,6594,3957,2170,33160,26498,21570,26376,19785,13987,108216,3312,8517,13726,12050,9728,47333,0,3736,3670,2051,653,194,0,5439,2689,947,261,68,0,0,1024,1318,742,431,9937,9175,7383,4316,1656,693,8336,6445,3005,17786,1805,2346,455,4606,163,613,55,831,17820
C30,CTY,Roscommon,53.6275906,-8.189095499999999,491,454,520,457,455,469,434,469,443,488,443,444,459,414,417,460,419,398,347,323,1744,2004,2305,2294,2399,2251,2167,2112,1781,1503,1115,863,618,393,32353,440,488,429,447,461,475,454,438,442,421,464,426,453,450,435,388,423,408,342,273,1578,2058,2251,2282,2186,2126,2071,1949,1750,1354,1029,946,802,773,31712,931,942,949,904,916,944,888,907,885,909,907,870,912,864,852,848,842,806,689,596,3322,4062,4556,4576,4585,4377,4238,4061,3531,2857,2144,1809,1420,1166,64065,17493,12926,722,548,664,32353,14717,12852,780,633,2730,31712,32210,25778,1502,1181,3394,64065,53510,5621,1260,336,889,1995,0,63611,56074,2790,1365,353,858,1531,640,63611,55349,396,5429,469,610,572,786,63611,58915,1739,1539,494,62687,57641,3488,2344,592,64065,5225,1339,579,319,2988,5225,2222,1720,891,174,218,26875,33359,1009,61243,26875,7679,391,427,1391,9607,7147,233,52,53,36,17,158,107,56,44,26,233,159,109,80,43,391,6661,3739,3470,1898,971,16739,13322,11217,13880,9490,6197,54106,1612,4407,7189,5765,4284,23257,0,1985,2006,966,339,72,0,2698,1349,448,103,28,0,0,534,662,324,176,5049,4683,3889,2076,766,276,4430,3166,1465,9061,860,1186,189,2235,78,274,42,394,9212
C31,CTY,Sligo,54.27661029999999,-8.476088799999999,477,482,448,484,489,432,447,429,406,410,454,450,462,457,446,411,450,440,456,490,2095,2171,2362,2269,2263,2204,2122,1916,1856,1447,1038,801,519,352,32435,432,473,441,442,426,409,405,444,416,398,409,388,436,389,428,387,378,366,491,510,2219,2253,2371,2362,2156,2247,2210,2014,1772,1373,1084,900,715,814,32958,909,955,889,926,915,841,852,873,822,808,863,838,898,846,874,798,828,806,947,1000,4314,4424,4733,4631,4419,4451,4332,3930,3628,2820,2122,1701,1234,1166,65393,18248,12315,707,547,618,32435,16670,12292,863,665,2468,32958,34918,24607,1570,1212,3086,65393,54381,5352,1474,234,1091,2055,0,64587,57595,2150,1562,243,1047,1418,572,64587,56248,417,5024,404,869,374,1251,64587,59322,2559,1194,605,63680,56038,4964,3123,1268,65393,5346,1539,719,201,2887,5346,2542,1720,733,150,201,26211,34842,1587,62640,26211,6987,460,476,1430,9622,7021,215,75,57,44,23,199,114,78,45,24,261,189,135,89,47,460,6774,3640,3242,1773,887,16316,13548,10920,12968,8865,5672,51973,1715,4377,6750,5402,3930,22174,0,2023,1879,932,293,73,0,2595,1320,389,89,13,0,0,514,635,342,160,5059,4618,3713,1956,724,246,4100,2945,1379,8424,1000,1181,249,2430,100,280,23,403,8474
C32,CTY,Cavan,53.9906046,-7.3629406,635,625,684,622,613,585,583,578,583,547,567,558,545,580,532,515,521,512,452,381,2057,2468,2831,2758,2697,2494,2294,2061,1855,1460,1018,859,543,400,37013,587,609,586,624,592,501,549,567,523,513,547,550,582,531,534,495,458,461,425,363,2049,2665,2896,2726,2589,2370,2134,1889,1669,1254,972,916,700,744,36170,1222,1234,1270,1246,1205,1086,1132,1145,1106,1060,1114,1108,1127,1111,1066,1010,979,973,877,744,4106,5133,5727,5484,5286,4864,4428,3950,3524,2714,1990,1775,1243,1144,73183,20671,14393,700,566,683,37013,17748,14306,869,713,2534,36170,38419,28699,1569,1279,3217,73183,60348,5510,1744,1260,1462,2208,0,72532,63106,2118,1889,1326,1429,1647,1017,72532,62033,452,6833,718,725,554,1217,72532,67255,2274,1132,651,71312,62195,7764,2276,948,73183,7125,1831,625,1183,3486,7125,2728,2264,1543,354,236,25280,42669,1508,69457,25280,8744,408,361,1217,7886,6392,272,55,54,40,32,181,84,71,49,23,227,139,125,89,55,408,6863,4199,3857,2419,1375,18713,13726,12597,15428,12095,8757,62603,1737,4980,7993,7361,6050,28121,0,2428,2391,1296,456,114,0,2727,1363,503,169,49,0,0,605,795,473,218,5126,5155,4359,2594,1098,381,5512,3337,1794,10643,1084,1157,254,2495,89,317,43,449,11741
C33,CTY,Donegal,54.6541972,-8.110545999999999,1302,1291,1342,1324,1261,1314,1275,1310,1195,1238,1208,1228,1228,1257,1213,1241,1089,1142,1042,907,4710,4916,5734,5923,5817,5232,4703,4580,4297,3645,2580,1894,1194,891,80523,1210,1256,1259,1283,1199,1154,1160,1208,1181,1181,1141,1223,1219,1181,1108,1123,1124,1064,930,876,4519,5255,5995,5921,5840,5402,4803,4385,4147,3353,2652,2069,1577,1616,80614,2512,2547,2601,2607,2460,2468,2435,2518,2376,2419,2349,2451,2447,2438,2321,2364,2213,2206,1972,1783,9229,10171,11729,11844,11657,10634,9506,8965,8444,6998,5232,3963,2771,2507,161137,44840,31053,1781,1282,1567,80523,39815,31269,2232,1667,5631,80614,84655,62322,4013,2949,7198,161137,123239,27673,1984,357,1360,3618,0,158231,144087,6795,2103,380,1283,2308,1275,158231,143312,726,9664,941,1307,715,1566,158231,148156,4829,1148,1618,155751,137639,16990,5161,1347,161137,7954,2008,947,341,4658,7954,3966,2228,1161,273,326,58998,92471,2008,153477,58998,18239,2740,6932,4381,16779,9358,569,993,107,80,55,1235,1184,150,98,73,1505,2177,257,178,128,2740,15734,9020,8728,5077,2795,41354,31468,27060,34912,25385,18015,136840,4752,11095,18259,15520,12563,62189,0,5308,5236,2629,796,239,0,6389,3372,1164,323,107,0,0,1392,1798,1015,604,10982,11697,10000,5591,2134,950,10734,7670,3911,22315,3249,2905,814,6968,225,780,84,1089,22835
C34,CTY,Monaghan,54.2492046,-6.9683132,488,491,513,542,469,473,456,432,459,426,422,433,448,476,440,414,455,428,388,337,1765,2185,2418,2338,2144,2013,1869,1738,1556,1206,842,691,401,285,30441,496,481,523,467,459,448,440,420,386,391,409,407,425,387,383,422,406,416,378,321,1788,2226,2319,2181,2071,2034,1848,1591,1484,1125,905,777,592,636,30042,984,972,1036,1009,928,921,896,852,845,817,831,840,873,863,823,836,861,844,766,658,3553,4411,4737,4519,4215,4047,3717,3329,3040,2331,1747,1468,993,921,60483,16939,11859,634,462,547,30441,14521,11868,748,687,2218,30042,31460,23727,1382,1149,2765,60483,47426,6543,989,2302,1266,1397,0,59923,52665,1073,1083,2398,1273,1042,389,59923,52198,249,5847,320,433,308,568,59923,55876,1753,658,656,58943,52440,6178,1469,396,60483,6620,1089,564,2196,2771,6620,2035,2199,1776,334,276,22268,34547,676,57491,22268,7676,503,420,1263,6968,5231,207,125,42,31,27,225,176,46,36,20,278,301,88,67,47,503,5603,3543,3326,2017,1101,15590,11206,10629,13304,10085,7100,52324,1579,4224,6911,6126,4935,23775,0,1940,1873,1004,328,85,0,2501,1344,528,136,54,0,0,531,669,370,203,4024,4441,3748,2201,834,342,4259,3173,1503,8935,896,1092,237,2225,75,298,33,406,9043